City_ID,City,Country,Date,Lat,Lng,Max Temp,Humidity,Cloudiness,Wind Speed
0,Nikolskoye,RU,2021-03-28 23:01:15,59.7035,30.7861,39.99,87,0,2.24
1,Albany,US,2021-03-28 23:00:50,42.6001,-73.9662,53.01,79,100,9.37
2,Bandarbeyla,SO,2021-03-28 23:01:15,9.4942,50.8122,76.64,73,26,4.36
3,Tuktoyaktuk,CA,2021-03-28 23:01:16,69.4541,-133.0374,-13.0,77,90,13.8
4,Saint-Philippe,RE,2021-03-28 23:01:16,-21.3585,55.7679,77.0,78,0,8.05
5,Lagoa,PT,2021-03-28 23:01:16,39.05,-27.9833,59.56,81,100,16.31
6,Mataura,NZ,2021-03-28 23:01:17,-46.1927,168.8643,60.01,95,37,8.99
7,Butaritari,KI,2021-03-28 23:01:17,3.0707,172.7902,81.5,76,84,14.16
8,Porto Walter,BR,2021-03-28 23:01:17,-8.2686,-72.7439,74.64,97,99,2.37
9,Faya,SA,2021-03-28 23:01:18,18.3851,42.4509,62.6,72,0,2.53
10,Upernavik,GL,2021-03-28 23:01:18,72.7868,-56.1549,-23.87,79,23,4.5
11,Arraial Do Cabo,BR,2021-03-28 23:00:07,-22.9661,-42.0278,78.01,87,65,8.7
12,Port Lincoln,AU,2021-03-28 23:01:19,-34.7333,135.8667,64.6,74,2,9.19
13,Laguna,US,2021-03-28 23:01:19,38.421,-121.4238,80.01,22,1,3.65
14,Vaini,TO,2021-03-28 23:01:20,-21.2,-175.2,84.2,79,40,10.36
15,East London,ZA,2021-03-28 23:01:20,-33.0153,27.9116,65.39,77,100,13.31
16,Ushuaia,AR,2021-03-28 22:58:14,-54.8,-68.3,46.4,61,75,14.97
17,Mbandaka,CD,2021-03-28 23:01:20,0.0487,18.2603,74.66,83,72,2.51
18,Tias,ES,2021-03-28 23:01:21,28.9611,-13.645,64.4,77,20,2.3
19,Hilo,US,2021-03-28 22:58:12,19.7297,-155.09,71.6,78,90,4.61
20,Busselton,AU,2021-03-28 23:01:21,-33.65,115.3333,61.66,71,11,6.38
21,Teguldet,RU,2021-03-28 23:01:21,57.3064,88.1667,29.07,98,100,2.3
22,Punta Arenas,CL,2021-03-28 23:00:22,-53.15,-70.9167,51.8,46,0,6.91
23,Jamestown,US,2021-03-28 23:01:23,42.097,-79.2353,39.99,93,90,22.82
24,Hualmay,PE,2021-03-28 23:01:24,-11.0964,-77.6139,70.97,81,83,9.4
25,Pokrovskoye,RU,2021-03-28 23:01:24,47.4157,38.8971,37.0,70,55,7.0
26,Aviles,ES,2021-03-28 23:01:25,43.5547,-5.9248,53.01,93,90,3.44
27,Uricani,RO,2021-03-28 23:01:25,45.3373,23.1524,32.29,71,81,4.41
28,Obigarm,TJ,2021-03-28 23:01:25,38.7173,69.7088,37.24,99,100,7.29
29,Camopi,GF,2021-03-28 23:01:26,3.1655,-52.3158,72.72,99,98,3.15
30,Klyuchi,RU,2021-03-28 23:01:26,52.2667,79.1667,26.78,92,93,13.02
31,Atuona,PF,2021-03-28 23:01:27,-9.8,-139.0333,80.91,74,98,17.13
32,Bluff,NZ,2021-03-28 23:01:27,-46.6,168.3333,60.01,95,85,8.99
33,Cape Town,ZA,2021-03-28 22:59:08,-33.9258,18.4232,68.0,72,0,4.61
34,Palmer,US,2021-03-28 23:01:28,42.1584,-72.3287,55.0,100,90,9.22
35,Ayagoz,KZ,2021-03-28 23:01:28,47.9714,80.4392,29.23,91,65,6.85
36,Reguengos De Monsaraz,PT,2021-03-28 22:57:33,38.4253,-7.5349,60.8,72,0,9.22
37,New Norfolk,AU,2021-03-28 23:01:28,-42.7826,147.0587,55.99,63,68,1.01
38,Rikitea,PF,2021-03-28 23:01:29,-23.1203,-134.9692,79.2,73,3,15.55
39,Hobart,AU,2021-03-28 23:00:21,-42.8794,147.3294,57.2,38,75,13.8
40,Nisia Floresta,BR,2021-03-28 23:01:29,-6.0911,-35.2086,80.6,83,40,4.61
41,Hermanus,ZA,2021-03-28 23:01:29,-34.4187,19.2345,64.99,78,100,8.01
42,Hanzhong,CN,2021-03-28 23:01:30,33.0728,107.0303,57.43,73,15,0.27
43,Port Alfred,ZA,2021-03-28 23:01:30,-33.5906,26.891,65.37,78,100,19.57
44,Tuatapere,NZ,2021-03-28 23:01:30,-46.1333,167.6833,60.01,95,78,8.99
45,Tecoanapa,MX,2021-03-28 23:01:31,16.5167,-98.75,84.07,53,0,10.45
46,Carnarvon,AU,2021-03-28 23:01:31,-24.8667,113.6333,71.6,94,40,5.75
47,Pimentel,PE,2021-03-28 23:01:31,-6.8367,-79.9342,77.0,65,0,18.41
48,Presidencia Roque Saenz Pena,AR,2021-03-28 23:01:32,-26.7852,-60.4388,69.01,81,86,4.27
49,Brae,GB,2021-03-28 23:01:32,60.3964,-1.353,46.4,93,90,23.02
50,Sitka,US,2021-03-28 23:01:33,57.0531,-135.33,39.2,60,20,18.41
51,Kaitangata,NZ,2021-03-28 23:01:33,-46.2817,169.8464,64.96,64,49,4.54
52,Ranong,TH,2021-03-28 23:01:33,9.9658,98.6348,76.68,90,81,2.1
53,Oyama,JP,2021-03-28 23:01:11,36.3,139.8,62.01,94,75,4.61
54,College,US,2021-03-28 23:01:34,64.8569,-147.8028,18.0,57,75,4.61
55,Mar Del Plata,AR,2021-03-28 22:58:22,-38.0023,-57.5575,66.2,82,20,10.36
56,High Rock,BS,2021-03-28 23:01:34,26.6208,-78.2833,76.93,79,7,9.51
57,Sorland,NO,2021-03-28 23:01:34,67.667,12.6934,38.82,92,100,26.66
58,Leningradskiy,RU,2021-03-28 23:01:35,69.3833,178.4167,-5.33,92,100,5.26
59,Poretskoye,RU,2021-03-28 23:01:35,55.1974,46.3291,20.07,97,100,4.32
60,Canton,CN,2021-03-28 22:56:50,23.1167,113.25,79.0,88,75,4.47
61,Mackay,AU,2021-03-28 23:01:35,-21.15,149.2,82.0,78,75,5.75
62,Praia Da Vitoria,PT,2021-03-28 23:01:36,38.7333,-27.0667,60.8,77,40,17.96
63,Yetkul,RU,2021-03-28 23:01:36,54.8221,61.588,28.4,54,0,13.42
64,Zhenlai,CN,2021-03-28 23:01:37,45.8495,123.2973,43.12,51,54,20.07
65,Rawson,AR,2021-03-28 23:00:55,-43.3002,-65.1023,60.82,80,62,13.6
66,Talbahat,IN,2021-03-28 23:01:37,25.05,78.4333,79.39,15,2,4.41
67,Souillac,MU,2021-03-28 23:01:37,-20.5167,57.5167,75.2,88,20,6.91
68,Marienburg,PL,2021-03-28 23:01:38,54.0359,19.0266,45.0,63,93,11.36
69,Barrow,US,2021-03-28 22:59:45,71.2906,-156.7887,-16.6,69,20,12.66
70,Zabol,AF,2021-03-28 23:01:38,32.25,67.25,56.14,28,2,11.5
71,Sorong,ID,2021-03-28 23:01:38,-0.8833,131.25,79.16,84,100,2.08
72,Kodiak,US,2021-03-28 23:00:01,57.79,-152.4072,42.8,26,1,5.75
73,Port Hedland,AU,2021-03-28 23:01:39,-20.3167,118.5667,78.8,73,24,9.01
74,Denpasar,ID,2021-03-28 23:01:39,-8.65,115.2167,77.0,100,40,1.14
75,Nishihara,JP,2021-03-28 23:01:40,26.1842,127.7558,71.6,100,75,3.0
76,Georgetown,MY,2021-03-28 22:58:51,5.4112,100.3354,80.01,94,20,1.14
77,Rennes,FR,2021-03-28 23:01:40,48.1667,-1.6667,46.4,76,0,2.3
78,Friendswood,US,2021-03-28 23:01:41,29.5294,-95.201,59.0,77,90,6.91
79,Bambous Virieux,MU,2021-03-28 23:01:41,-20.3428,57.7575,77.0,88,20,6.91
80,Grand Gaube,MU,2021-03-28 23:01:42,-20.0064,57.6608,77.0,80,3,1.99
81,Tiksi,RU,2021-03-28 23:01:42,71.6872,128.8694,3.67,95,100,1.74
82,Capelinha,BR,2021-03-28 23:01:43,-17.6914,-42.5158,67.03,69,18,2.71
83,Isangel,VU,2021-03-28 23:01:43,-19.55,169.2667,80.6,78,40,3.44
84,Tamiahua,MX,2021-03-28 23:01:44,21.2667,-97.45,78.87,77,39,23.29
85,Kwinana,AU,2021-03-28 23:01:44,-32.25,115.7667,68.0,72,5,5.75
86,Katsuura,JP,2021-03-28 23:01:45,35.1333,140.3,64.0,82,75,1.01
87,Merauke,ID,2021-03-28 23:01:45,-8.4667,140.3333,77.68,92,100,9.53
88,Pasighat,IN,2021-03-28 23:01:46,28.0667,95.3333,67.57,25,0,3.53
89,Qaanaaq,GL,2021-03-28 23:01:46,77.484,-69.3632,-20.13,77,66,6.02
90,La Ronge,CA,2021-03-28 23:01:47,55.1001,-105.2842,41.0,60,100,6.91
91,Tabou,CI,2021-03-28 23:01:47,4.423,-7.3528,78.57,87,78,4.68
92,Saint-Joseph,RE,2021-03-28 23:01:48,-21.3667,55.6167,77.0,78,0,8.05
93,Tangzhai,CN,2021-03-28 23:01:48,34.4328,116.5911,52.7,47,7,12.93
94,Alpena,US,2021-03-28 23:01:48,45.0617,-83.4327,35.01,86,90,10.36
95,Sao Felix Do Xingu,BR,2021-03-28 23:00:42,-6.6447,-51.995,73.47,92,66,2.28
96,Cassia,BR,2021-03-28 23:01:49,-20.5831,-46.9219,68.83,89,70,1.74
97,Mahibadhoo,MV,2021-03-28 23:01:49,3.7833,72.9667,82.24,73,99,8.95
98,Bend,US,2021-03-28 23:01:10,44.0582,-121.3153,64.4,20,1,23.02
99,Tromso,NO,2021-03-28 23:01:49,69.6496,18.957,30.2,69,0,5.75
100,Nemuro,JP,2021-03-28 23:01:50,43.3236,145.575,42.42,96,100,35.28
101,Samarai,PG,2021-03-28 23:01:50,-10.6167,150.6667,83.41,77,91,11.48
102,Avarua,CK,2021-03-28 23:01:51,-21.2078,-159.775,82.4,78,75,20.71
103,Buraydah,SA,2021-03-28 23:01:51,26.326,43.975,59.0,31,0,5.75
104,Hithadhoo,MV,2021-03-28 23:01:51,-0.6,73.0833,78.66,87,100,33.6
105,Kapaa,US,2021-03-28 23:01:52,22.0752,-159.319,77.0,65,90,18.41
106,Afumati,RO,2021-03-28 23:01:52,44.5167,26.2667,46.99,65,0,8.05
107,Candolim,IN,2021-03-28 23:01:52,15.5181,73.7626,79.81,87,47,3.02
108,Ilulissat,GL,2021-03-28 23:01:53,69.2167,-51.1,-11.2,44,0,6.87
109,Thompson,CA,2021-03-28 23:01:53,55.7435,-97.8558,28.4,46,90,4.61
110,Marsh Harbour,BS,2021-03-28 23:01:53,26.5412,-77.0636,77.09,75,14,11.41
111,Basqal,AZ,2021-03-28 23:01:54,40.7552,48.391,39.2,93,40,3.44
112,Karratha,AU,2021-03-28 23:01:54,-20.7377,116.8463,86.5,47,84,8.32
113,San Cristobal,VE,2021-03-28 23:01:54,7.7669,-72.225,78.8,73,40,9.22
114,Chokurdakh,RU,2021-03-28 23:01:55,70.6333,147.9167,-6.99,99,98,5.21
115,Carutapera,BR,2021-03-28 23:01:55,-1.195,-46.02,76.1,91,91,5.73
116,Geraldton,AU,2021-03-28 22:59:31,-28.7667,114.6,66.2,77,14,4.61
117,Clyde River,CA,2021-03-28 22:59:11,70.4692,-68.5914,-4.0,77,90,10.36
118,Bredasdorp,ZA,2021-03-28 23:01:56,-34.5322,20.0403,60.8,88,100,11.5
119,Havre-Saint-Pierre,CA,2021-03-28 23:01:56,50.2334,-63.5986,28.4,69,90,11.5
120,Johnson City,US,2021-03-28 23:00:13,36.3134,-82.3535,57.2,67,75,13.8
121,Ribeira Grande,PT,2021-03-28 23:01:57,38.5167,-28.7,60.42,83,100,21.79
122,Haines Junction,CA,2021-03-28 23:01:57,60.7522,-137.5108,24.8,24,10,6.91
123,Saumur,FR,2021-03-28 23:01:58,47.3333,-0.25,48.0,87,0,2.3
124,Lebu,CL,2021-03-28 23:01:58,-37.6167,-73.65,56.91,91,0,11.65
125,Duldurga,RU,2021-03-28 23:01:58,50.6761,113.5931,22.42,74,9,2.64
126,Tailai,CN,2021-03-28 23:01:58,46.3833,123.4,41.4,75,57,16.98
127,Vidim,RU,2021-03-28 23:01:59,56.4088,103.1106,21.78,97,100,3.06
128,Morondava,MG,2021-03-28 23:01:59,-20.2833,44.2833,75.29,84,1,7.38
129,Pinega,RU,2021-03-28 23:02:00,64.7001,43.3936,34.34,92,100,8.81
130,Coquimbo,CL,2021-03-28 23:02:00,-29.9533,-71.3436,60.8,72,0,9.22
131,Fortuna,US,2021-03-28 23:02:00,40.5982,-124.1573,57.0,87,1,13.8
132,Ancud,CL,2021-03-28 23:02:00,-41.8697,-73.8203,54.0,84,92,8.01
133,Chunoyar,RU,2021-03-28 23:02:01,57.4467,97.3217,30.76,99,100,3.85
134,Torbay,CA,2021-03-28 23:02:01,47.6666,-52.7314,25.0,74,75,4.61
135,Saskylakh,RU,2021-03-28 23:02:01,71.9167,114.0833,-4.13,99,98,2.91
136,Puerto Ayora,EC,2021-03-28 23:02:02,-0.7393,-90.3518,82.4,78,20,11.5
137,Dikson,RU,2021-03-28 23:02:02,73.5069,80.5464,-26.64,100,96,7.4
138,Waddan,LY,2021-03-28 23:02:02,29.1614,16.139,58.08,33,10,11.18
139,Kavieng,PG,2021-03-28 23:02:03,-2.5744,150.7967,84.67,70,92,13.96
140,Letterkenny,IE,2021-03-28 23:02:03,54.95,-7.7333,54.36,89,100,20.42
141,Port Blair,IN,2021-03-28 23:00:33,11.6667,92.75,80.15,76,60,1.74
142,Namatanai,PG,2021-03-28 23:02:03,-3.6667,152.4333,83.71,69,83,8.01
143,Saint-Gaudens,FR,2021-03-28 23:02:04,43.0833,0.6667,51.01,81,0,3.44
144,Norman Wells,CA,2021-03-28 23:02:04,65.282,-126.8329,-0.4,55,75,16.11
145,Porgera,PG,2021-03-28 23:02:04,-5.4667,143.2,51.48,80,99,1.79
146,Venustiano Carranza,MX,2021-03-28 23:02:05,19.43,-99.0992,78.8,24,20,25.32
147,Bengkulu,ID,2021-03-28 23:02:05,-3.8004,102.2655,76.42,89,99,0.87
148,Abu Samrah,SY,2021-03-28 23:02:05,35.3029,37.1841,45.88,69,1,4.56
149,Pozzallo,IT,2021-03-28 23:01:49,36.7305,14.8499,46.4,93,0,2.3
150,Dingle,PH,2021-03-28 23:02:06,10.9995,122.6711,78.17,85,100,6.38
151,Mabaruma,GY,2021-03-28 23:02:06,8.2,-59.7833,73.33,98,82,5.06
152,Butembo,CD,2021-03-28 23:02:06,0.15,29.2833,60.64,83,86,2.51
153,Bud,US,2021-03-28 23:02:07,39.447,-86.1758,45.0,55,78,16.31
154,Zabid,YE,2021-03-28 23:02:07,14.1951,43.3152,80.64,53,25,4.56
155,Olinda,BR,2021-03-28 23:02:07,-8.0089,-34.8553,77.0,83,75,3.44
156,Bethel,US,2021-03-28 23:00:04,41.3712,-73.414,57.0,97,100,1.01
157,Nadapuram,IN,2021-03-28 23:02:08,11.7,75.6667,77.94,89,100,1.59
158,Flinders,AU,2021-03-28 23:02:08,-34.5833,150.8552,66.0,81,3,1.01
159,Pareora,NZ,2021-03-28 23:02:08,-44.4871,171.2132,69.98,47,15,5.5
160,Minab,IR,2021-03-28 23:02:08,27.1467,57.0801,75.2,83,85,4.61
161,Toyooka,JP,2021-03-28 23:01:01,35.5333,134.8333,50.0,93,40,5.75
162,Kupang,ID,2021-03-28 23:02:09,-10.1667,123.5833,75.2,100,90,5.75
163,Nanortalik,GL,2021-03-28 23:02:09,60.1432,-45.2371,23.16,69,1,15.52
164,Touros,BR,2021-03-28 23:02:09,-5.1989,-35.4608,80.6,83,20,5.75
165,Adre,TD,2021-03-28 23:02:10,13.4667,22.2,70.5,12,53,20.38
166,Moose Factory,CA,2021-03-28 23:02:10,51.2585,-80.6094,23.0,68,75,20.71
167,Catamarca,AR,2021-03-28 23:02:10,-28.4696,-65.7852,60.01,75,8,2.98
168,Gorey,IE,2021-03-28 23:02:11,52.6747,-6.2925,53.01,89,100,1.01
169,Saldanha,ZA,2021-03-28 23:02:11,-33.0117,17.9442,68.0,52,100,3.44
170,Juegang,CN,2021-03-28 23:02:11,32.3174,121.1855,61.0,76,0,8.19
171,Yellowknife,CA,2021-03-28 23:02:11,62.456,-114.3525,26.6,43,75,17.27
172,Khatanga,RU,2021-03-28 23:02:12,71.9667,102.5,-3.96,98,100,6.87
173,Daru,PG,2021-03-28 23:02:12,-9.0763,143.2092,80.98,87,100,11.54
174,Tasiilaq,GL,2021-03-28 23:02:12,65.6145,-37.6368,15.8,62,40,4.61
175,Ketchikan,US,2021-03-28 23:02:13,55.3422,-131.6461,42.8,61,90,14.97
176,Salalah,OM,2021-03-28 23:02:13,17.0151,54.0924,77.0,53,0,3.44
177,Mahebourg,MU,2021-03-28 23:02:13,-20.4081,57.7,75.2,88,20,6.91
178,Tuy Hoa,VN,2021-03-28 23:01:34,13.0833,109.3,71.94,91,99,3.76
179,Antsohihy,MG,2021-03-28 23:02:13,-14.8796,47.9875,74.05,96,54,0.98
180,Kindu,CD,2021-03-28 23:02:14,-2.95,25.95,72.21,84,63,2.08
181,Horni Jiretin,CZ,2021-03-28 23:02:15,50.5731,13.5472,46.0,66,100,14.0
182,Ponta Do Sol,PT,2021-03-28 23:02:15,32.6667,-17.1,61.0,58,74,3.0
183,Nanning,CN,2021-03-28 23:02:15,22.8167,108.3167,73.4,88,75,2.24
184,Librazhd,AL,2021-03-28 23:02:16,41.1794,20.315,44.6,93,30,3.44
185,Sao Filipe,CV,2021-03-28 23:02:16,14.8961,-24.4956,69.96,73,58,16.82
186,Beringovskiy,RU,2021-03-28 23:02:16,63.05,179.3167,14.72,92,100,17.87
187,Castro,BR,2021-03-28 22:58:29,-24.7911,-50.0119,65.52,89,100,4.36
188,Dublin,US,2021-03-28 22:58:10,37.7021,-121.9358,80.01,15,1,3.44
189,Evensk,RU,2021-03-28 23:02:16,61.95,159.2333,-0.69,91,93,1.92
190,Vankleek Hill,CA,2021-03-28 23:02:17,45.5168,-74.6493,51.8,93,100,6.91
191,Thinadhoo,MV,2021-03-28 23:02:17,0.5333,72.9333,75.88,96,100,36.08
192,Alta Floresta,BR,2021-03-28 23:02:17,-9.8756,-56.0861,72.82,93,62,2.06
193,Richards Bay,ZA,2021-03-28 23:02:18,-28.783,32.0377,66.99,78,81,3.74
194,Sokol,RU,2021-03-28 23:02:18,59.4617,40.1206,23.76,97,25,3.67
195,Birjand,IR,2021-03-28 23:02:18,32.8663,59.2211,46.4,29,0,4.61
196,Bonthe,SL,2021-03-28 23:02:19,7.5264,-12.505,78.93,87,55,4.94
197,Bahia Honda,CU,2021-03-28 23:02:19,22.9036,-83.1592,81.36,66,9,10.67
198,Toamasina,MG,2021-03-28 23:02:19,-18.1667,49.3833,75.2,88,40,2.3
199,Dudinka,RU,2021-03-28 23:02:19,69.4058,86.1778,-11.43,98,72,10.42
200,Morrope,PE,2021-03-28 23:02:20,-6.5417,-80.0111,77.0,65,0,18.41
201,Swellendam,ZA,2021-03-28 23:02:20,-34.0226,20.4417,60.8,88,100,11.5
202,Luderitz,NA,2021-03-28 23:02:20,-26.6481,15.1594,61.84,83,0,3.67
203,Serenje,ZM,2021-03-28 23:02:21,-13.2325,30.2352,61.3,95,100,8.16
204,Qostanay,KZ,2021-03-28 23:02:21,53.1667,63.5833,17.6,79,0,17.9
205,San Juan Bautista,PE,2021-03-28 23:02:21,-14.0108,-75.7358,73.4,68,0,21.85
206,Beloha,MG,2021-03-28 23:02:22,-25.1667,45.05,69.42,89,8,3.47
207,Tagusao,PH,2021-03-28 23:02:22,9.1924,117.8141,80.58,79,69,7.07
208,Hami,CN,2021-03-28 23:02:22,42.8,93.45,57.87,24,85,8.14
209,Lata,PT,2021-03-28 23:02:23,40.1629,-8.3327,57.2,62,0,3.67
210,Kahului,US,2021-03-28 23:02:23,20.8947,-156.47,78.8,57,40,21.85
211,Effingham,US,2021-03-28 23:02:23,32.3669,-81.3332,82.4,94,90,15.84
212,Provideniya,RU,2021-03-28 23:02:24,64.3833,-173.3,15.12,88,100,21.7
213,Aktash,RU,2021-03-28 23:02:24,50.3,87.7333,11.95,91,93,3.94
214,Gairo,IT,2021-03-28 23:02:24,39.8497,9.5047,55.4,94,0,2.3
215,Caravelas,BR,2021-03-28 23:02:24,-17.7125,-39.2481,78.04,75,0,7.4
216,Acapulco,MX,2021-03-28 23:01:52,16.8634,-99.8901,86.0,62,1,9.22
217,Meiganga,CM,2021-03-28 23:02:25,6.5167,14.3,69.17,46,35,4.23
218,Nouadhibou,MR,2021-03-28 23:02:25,20.931,-17.0347,64.4,88,0,16.11
219,Komsomolskiy,UZ,2021-03-28 23:02:25,40.4272,71.7189,50.0,71,75,23.02
220,Lakes Entrance,AU,2021-03-28 23:02:26,-37.8811,147.981,60.01,75,64,3.0
221,Severo-Kurilsk,RU,2021-03-28 23:02:26,50.6789,156.125,29.64,70,6,7.9
222,Khangah Dogran,PK,2021-03-28 23:02:26,31.8317,73.6231,70.56,28,19,8.75
223,Tura,IN,2021-03-28 23:02:26,25.5198,90.2201,71.87,23,0,5.28
224,Berbera,SO,2021-03-28 23:02:27,10.4396,45.0143,77.47,77,18,3.13
225,Broken Hill,AU,2021-03-28 23:02:27,-31.95,141.4333,60.8,55,2,11.5
226,Pacific Grove,US,2021-03-28 23:02:27,36.6177,-121.9166,68.0,59,1,6.91
227,Kristinehamn,SE,2021-03-28 23:02:28,59.3098,14.1081,42.8,100,75,9.22
228,West Freehold,US,2021-03-28 23:02:28,40.2421,-74.3013,68.0,88,90,5.75
229,Longyearbyen,SJ,2021-03-28 23:02:28,78.2186,15.6401,26.6,80,20,11.5
230,Yarada,IN,2021-03-28 23:02:28,17.65,83.2667,79.75,83,3,7.49
231,Moron,AR,2021-03-28 23:02:29,-34.6534,-58.6198,71.6,73,40,4.61
232,Pevek,RU,2021-03-28 23:02:29,69.7008,170.3133,-13.18,96,70,3.22
233,Victoria,HK,2021-03-28 22:57:33,22.2855,114.1577,75.99,87,23,6.98
234,Grindavik,IS,2021-03-28 23:02:29,63.8424,-22.4338,28.4,100,90,16.11
235,Lumeje,AO,2021-03-28 23:02:30,-11.55,20.7833,65.01,96,100,4.7
236,Hofn,IS,2021-03-28 23:02:30,64.2539,-15.2082,28.2,61,33,8.68
237,Palu,ID,2021-03-28 23:02:30,-0.8917,119.8707,76.86,88,99,1.81
238,Hamminkeln,DE,2021-03-28 23:02:30,51.7333,6.5833,50.0,43,100,13.65
239,Sobolevo,RU,2021-03-28 23:02:31,54.4299,31.8996,34.86,94,99,5.84
240,Te Anau,NZ,2021-03-28 23:02:31,-45.4167,167.7167,59.9,83,91,4.38
241,Nome,US,2021-03-28 23:02:31,64.5011,-165.4064,18.0,86,90,33.38
242,Saint George,US,2021-03-28 23:00:11,37.1041,-113.5841,75.0,17,1,9.22
243,Pangody,RU,2021-03-28 23:02:32,65.85,74.4859,-10.61,99,84,9.24
244,Narsaq,GL,2021-03-28 23:02:32,60.9167,-46.05,21.2,58,0,2.3
245,Kavaratti,IN,2021-03-28 23:02:32,10.5669,72.642,83.08,71,100,2.68
246,Mattru,SL,2021-03-28 23:02:32,7.6244,-11.8332,78.04,87,51,2.42
247,Talgar,KZ,2021-03-28 23:02:33,43.3027,77.2395,44.6,81,90,2.24
248,Vila Franca Do Campo,PT,2021-03-28 23:02:33,37.7167,-25.4333,59.0,77,75,9.22
249,Hervey Bay,AU,2021-03-28 23:02:33,-25.2986,152.8535,75.99,78,100,1.01
250,Mirador,BR,2021-03-28 23:02:34,-6.3708,-44.3631,73.76,91,19,3.85
251,Klaksvik,FO,2021-03-28 23:02:34,62.2266,-6.589,41.0,87,75,18.41
252,Gushikawa,JP,2021-03-28 23:02:34,26.3544,127.8686,69.8,94,1,2.66
253,Batticaloa,LK,2021-03-28 23:02:34,7.7102,81.6924,77.81,78,85,6.17
254,Kotido,UG,2021-03-28 23:02:35,2.9806,34.1331,72.72,42,52,4.43
255,North Bend,US,2021-03-28 22:59:17,43.4065,-124.2243,51.01,87,90,13.8
256,Callaway,US,2021-03-28 23:02:35,30.153,-85.5699,75.2,83,1,13.8
257,Yuanping,CN,2021-03-28 23:02:35,38.7153,112.7575,45.18,34,100,4.61
258,Coihaique,CL,2021-03-28 23:02:36,-45.5752,-72.0662,60.8,67,40,3.44
259,Wasilla,US,2021-03-28 23:02:37,61.5814,-149.4394,32.0,40,1,6.91
260,Shingu,JP,2021-03-28 23:00:49,33.7333,135.9833,60.8,77,40,6.91
261,Juruti,BR,2021-03-28 23:02:37,-2.1522,-56.0922,76.62,89,49,3.27
262,Rio Grande,BR,2021-03-28 23:00:13,-32.035,-52.0986,68.0,94,44,10.83
263,Bereda,ES,2021-03-28 23:02:38,43.2686,-7.5406,53.6,76,0,2.3
264,Vao,NC,2021-03-28 23:02:38,-22.6667,167.4833,77.63,81,12,14.45
265,Norsup,VU,2021-03-28 23:02:38,-16.0667,167.3833,84.25,72,8,8.63
266,Apt,FR,2021-03-28 23:02:39,43.8833,5.4,45.0,87,0,2.3
267,Esperance,AU,2021-03-28 23:02:39,-33.8667,121.9,66.2,72,0,12.66
268,Smithers,CA,2021-03-28 23:00:06,54.7804,-127.1743,32.0,74,90,14.97
269,Vila,PT,2021-03-28 23:02:40,42.0304,-8.1588,55.0,54,3,4.0
270,Ulaangom,MN,2021-03-28 23:02:40,49.9811,92.0667,17.58,87,100,5.08
271,Beira,MZ,2021-03-28 23:02:40,-19.8436,34.8389,75.45,79,23,14.65
272,Jibuti,DJ,2021-03-28 23:02:41,11.5,42.5,78.8,57,1,8.21
273,Baiquan,CN,2021-03-28 23:02:41,47.5833,126.0833,41.56,86,92,3.62
274,Tessalit,ML,2021-03-28 23:02:42,20.1986,1.0114,72.39,10,0,14.63
275,Haapiti,PF,2021-03-28 23:02:42,-17.5667,-149.8667,89.6,55,40,8.05
276,Khonsa,IN,2021-03-28 23:02:42,27.0167,95.5667,62.49,26,12,4.38
277,Matagami,CA,2021-03-28 23:02:43,49.7502,-77.6328,30.2,100,90,25.32
278,Lavrentiya,RU,2021-03-28 23:02:43,65.5833,-171.0,11.37,93,100,19.64
279,Constitucion,CL,2021-03-28 23:02:43,-35.3333,-72.4167,58.12,67,0,0.85
280,Goderich,CA,2021-03-28 23:00:11,43.7501,-81.7165,35.6,87,100,17.27
281,Tevriz,RU,2021-03-28 23:02:44,57.509,72.4042,16.52,91,100,9.46
282,Coahuayana,MX,2021-03-28 23:02:44,18.7333,-103.6833,78.8,53,75,17.27
283,Kalabo,ZM,2021-03-28 23:02:45,-14.97,22.6814,67.35,78,75,3.96
284,Padang,ID,2021-03-28 23:02:45,-0.9492,100.3543,73.4,100,40,1.14
285,Chuy,UY,2021-03-28 23:02:45,-33.6971,-53.4616,64.31,91,54,5.19
286,Oksfjord,NO,2021-03-28 23:02:46,70.2396,22.3479,32.0,64,90,2.3
287,Seymchan,RU,2021-03-28 23:02:46,62.8833,152.4333,-1.46,87,100,1.54
288,Kalemie,CD,2021-03-28 22:59:13,-5.9475,29.1947,69.21,85,90,2.68
289,Axim,GH,2021-03-28 23:02:47,4.8699,-2.2405,79.07,87,10,7.38
290,Lahat,ID,2021-03-28 23:02:47,-3.8,103.5333,71.74,97,100,2.08
291,Vikhorevka,RU,2021-03-28 23:02:47,56.1201,101.1636,30.2,69,40,2.24
292,Dongying,CN,2021-03-28 23:02:47,37.4564,118.4856,51.42,29,99,4.0
293,Minas Novas,BR,2021-03-28 22:58:07,-17.2186,-42.5903,72.43,71,9,3.83
294,Oktyabrskoye,RU,2021-03-28 23:02:48,43.0645,44.7417,37.4,100,100,6.71
295,Zhanakorgan,KZ,2021-03-28 23:02:48,43.9098,67.2495,41.86,62,100,5.82
296,Ransang,PH,2021-03-28 23:02:48,8.9603,117.5828,79.63,82,49,6.08
297,Namtsy,RU,2021-03-28 23:02:49,62.7161,129.6658,-2.2,78,40,2.24
298,San Quintin,MX,2021-03-28 23:02:49,30.4833,-115.95,69.67,38,0,12.86
299,Emerald,AU,2021-03-28 23:02:49,-23.5333,148.1667,78.01,69,23,9.22
300,Pavilosta,LV,2021-03-28 23:02:50,56.8879,21.1859,41.0,81,90,10.36
301,Lazaro Cardenas,MX,2021-03-28 23:02:50,17.9583,-102.2,81.36,55,2,9.51
302,Kosterevo,RU,2021-03-28 23:02:50,55.9299,39.6144,23.38,96,16,3.58
303,Kamaishi,JP,2021-03-28 23:01:19,39.2667,141.8833,53.6,100,90,2.3
304,Albertville,US,2021-03-28 23:02:51,34.2676,-86.2089,60.01,44,1,16.11
305,Erenhot,CN,2021-03-28 23:02:51,43.6475,111.9767,32.67,29,67,5.88
306,Mackenzie,CA,2021-03-28 23:00:11,55.2999,-123.1698,32.0,64,90,11.5
307,Khani,GE,2021-03-28 23:02:51,41.9563,42.9566,33.8,86,0,3.44
308,Naryan-Mar,RU,2021-03-28 23:02:52,67.6713,53.087,32.99,94,100,10.54
309,Cayenne,GF,2021-03-28 23:02:52,4.9333,-52.3333,81.0,78,75,8.05
310,Nurota,UZ,2021-03-28 23:02:52,40.5614,65.6886,39.2,93,40,6.91
311,Pangnirtung,CA,2021-03-28 23:02:53,66.1451,-65.7125,0.37,96,100,2.21
312,Asau,RO,2021-03-28 23:02:53,46.4333,26.4,36.0,50,96,4.36
313,Ladnun,IN,2021-03-28 23:02:54,27.65,74.3833,82.09,15,7,16.51
314,Chapais,CA,2021-03-28 23:02:55,49.7834,-74.8492,30.2,93,90,8.05
315,Amapa,BR,2021-03-28 23:02:55,1.0,-52.0,72.18,98,100,2.35
316,Lompoc,US,2021-03-28 23:01:12,34.6391,-120.4579,69.01,67,1,16.11
317,Safaga,EG,2021-03-28 23:02:55,26.7292,33.9365,62.6,45,0,18.41
318,Hirara,JP,2021-03-28 23:02:56,24.8,125.2833,73.4,100,75,5.75
319,Hamza,UZ,2021-03-28 23:02:57,40.4264,71.4956,50.0,71,75,23.02
320,Tiznit,MA,2021-03-28 23:02:57,29.5833,-9.5,63.32,52,38,5.37
321,Malakal,SS,2021-03-28 23:02:57,9.5334,31.6605,83.64,16,0,11.12
322,Margate,GB,2021-03-28 23:02:58,51.3813,1.3862,50.0,70,95,5.01
323,Aklavik,CA,2021-03-28 23:02:58,68.2191,-135.0107,-5.8,59,44,6.91
324,Waingapu,ID,2021-03-28 23:02:58,-9.6567,120.2641,80.29,85,100,6.89
325,Ostrovnoy,RU,2021-03-28 23:02:59,68.0531,39.5131,35.51,97,100,11.41
326,Ola,RU,2021-03-28 23:02:59,59.5833,151.2833,7.74,87,72,2.64
327,Thunder Bay,CA,2021-03-28 23:02:59,48.4001,-89.3168,33.8,44,75,10.36
328,Chicama,PE,2021-03-28 23:02:59,-7.8447,-79.1469,71.6,83,20,10.36
329,Garmsar,IR,2021-03-28 23:03:00,35.2182,52.3409,47.97,33,0,8.21
330,Husavik,IS,2021-03-28 23:03:00,66.0449,-17.3389,32.0,64,90,16.11
331,Santa Marta,CO,2021-03-28 23:01:10,11.2408,-74.199,84.0,67,59,18.99
332,Sayyan,YE,2021-03-28 23:01:31,15.1718,44.3244,52.81,41,6,2.1
333,Orumiyeh,IR,2021-03-28 23:00:33,37.5527,45.0761,30.2,74,0,6.91
334,Milkovo,RU,2021-03-28 23:03:02,54.7167,158.6167,20.28,67,26,5.48
335,Bundaberg,AU,2021-03-28 23:03:02,-24.85,152.35,81.0,83,87,5.75
336,Sabang,ID,2021-03-28 23:03:03,5.8933,95.3214,80.94,73,96,3.0
337,Shadegan,IR,2021-03-28 23:03:03,30.6497,48.6647,60.8,51,0,11.5
338,Moses Lake,US,2021-03-28 23:03:04,47.1301,-119.2781,59.0,33,90,25.32
339,Egvekinot,RU,2021-03-28 23:03:04,66.3167,-179.1667,8.31,91,100,13.06
340,Jiangyou,CN,2021-03-28 23:03:04,31.7667,104.7167,59.18,70,0,4.18
341,Watsa,CD,2021-03-28 23:03:05,3.0372,29.5355,67.73,80,97,3.76
342,Atar,MR,2021-03-28 23:03:05,20.5169,-13.0499,77.97,24,84,7.7
343,Miandrivazo,MG,2021-03-28 23:03:05,-19.5167,45.4667,73.38,86,1,1.57
344,Hanko,FI,2021-03-28 23:03:06,59.8333,22.95,37.99,84,84,4.0
345,Srednekolymsk,RU,2021-03-28 23:03:06,67.45,153.6833,-0.47,93,100,4.88
346,San Policarpo,PH,2021-03-28 23:03:07,12.1791,125.5072,80.04,82,100,10.07
347,Matamoros,MX,2021-03-28 22:59:36,25.5333,-103.25,78.8,21,75,9.22
348,Leshukonskoye,RU,2021-03-28 23:03:07,64.8989,45.7622,33.69,94,100,8.14
349,Rupert,US,2021-03-28 23:03:08,42.6191,-113.6772,71.6,15,1,19.57
350,San Nicolas,PH,2021-03-28 23:03:08,18.1725,120.5953,73.4,94,20,3.44
351,Caohai,CN,2021-03-28 23:03:08,26.8661,104.2841,48.58,29,9,4.72
352,Killybegs,IE,2021-03-28 23:03:09,54.6333,-8.45,53.01,94,100,8.99
353,Flin Flon,CA,2021-03-28 23:03:09,54.7682,-101.865,33.8,75,90,10.36
354,San Patricio,US,2021-03-28 23:03:11,28.017,-97.5169,60.8,72,90,16.11
355,Gizo,SB,2021-03-28 23:03:11,-8.103,156.8419,84.36,69,46,7.43
356,Kidal,ML,2021-03-28 23:03:11,18.4411,1.4078,73.53,10,0,11.59
357,Mallow,IE,2021-03-28 23:03:11,52.1333,-8.6333,55.0,100,90,28.77
358,Murgab,TM,2021-03-28 23:03:12,37.4966,61.9714,42.8,81,4,6.91
359,Ahipara,NZ,2021-03-28 23:03:12,-35.1667,173.1667,70.83,83,46,7.54
360,Kpandu,GH,2021-03-28 23:03:12,6.9954,0.2931,80.17,71,35,8.97
361,Krasnoselkup,RU,2021-03-28 23:03:13,65.7,82.4667,-7.83,98,11,10.25
362,Korsakov,RU,2021-03-28 23:03:13,46.6328,142.7813,30.2,100,90,11.18
363,Lorengau,PG,2021-03-28 23:03:13,-2.0226,147.2712,83.14,78,100,9.78
364,Tateyama,JP,2021-03-28 23:00:58,34.9833,139.8667,64.0,1,64,5.01
365,Dhidhdhoo,MV,2021-03-28 22:59:16,6.8833,73.1,84.18,70,74,12.03
366,Lasa,IT,2021-03-28 23:03:14,46.6166,10.7002,46.99,64,0,5.75
367,Isiro,CD,2021-03-28 23:03:14,2.7739,27.616,72.7,63,88,2.24
368,Ciudad Guayana,VE,2021-03-28 23:03:14,8.3533,-62.6528,77.0,91,60,1.99
369,Broome,US,2021-03-28 23:03:15,42.2506,-75.833,50.0,87,75,10.36
370,Mantua,IT,2021-03-28 22:59:57,45.1667,10.7833,52.0,79,55,5.01
371,Dolores,AR,2021-03-28 23:03:15,-36.3132,-57.6792,62.6,94,98,9.75
372,Chadiza,ZM,2021-03-28 23:03:15,-14.0678,32.4392,63.05,96,100,4.59
373,Gat,IL,2021-03-28 23:03:16,31.61,34.7642,54.0,75,1,4.68
374,Marsa Matruh,EG,2021-03-28 23:03:16,31.3525,27.2453,59.0,58,40,10.36
375,Rocha,UY,2021-03-28 23:01:17,-34.4833,-54.3333,62.22,95,74,5.28
376,Huarmey,PE,2021-03-28 23:03:16,-10.0681,-78.1522,72.21,80,100,9.35
377,Jalu,LY,2021-03-28 23:03:17,29.0331,21.5482,58.71,35,29,7.87
378,Roebourne,AU,2021-03-28 23:03:17,-20.7833,117.1333,86.59,47,73,8.48
379,Road Town,VG,2021-03-28 23:03:17,18.4167,-64.6167,78.01,83,40,12.66
380,Ocos,GT,2021-03-28 23:03:18,14.5094,-92.1933,89.6,55,40,9.22
381,Imeni Zhelyabova,RU,2021-03-28 23:03:18,58.9544,36.5956,27.79,97,34,5.17
382,Mendi,PG,2021-03-28 23:03:19,-6.1761,143.6513,64.76,72,84,0.74
383,Mehamn,NO,2021-03-28 23:03:19,71.0357,27.8492,28.8,76,90,7.96
384,Along,IN,2021-03-28 23:03:19,28.1667,94.7667,58.5,40,1,1.79
385,Maridi,SS,2021-03-28 23:03:20,4.9158,29.4742,71.55,66,73,2.71
386,Svetlaya,RU,2021-03-28 23:03:20,46.5389,138.3297,32.99,97,100,19.46
387,Atasu,KZ,2021-03-28 23:03:20,48.6814,71.6433,23.67,91,97,12.17
388,Oussouye,SN,2021-03-28 23:03:20,12.485,-16.5469,77.0,88,0,11.5
389,Tyrma,RU,2021-03-28 23:03:21,50.0833,132.1667,34.38,85,100,7.85
390,Airai,TL,2021-03-28 23:03:21,-8.9266,125.4092,60.82,97,100,2.93
391,Manokwari,ID,2021-03-28 23:00:18,-0.8667,134.0833,80.13,79,100,4.54
392,Latung,PH,2021-03-28 23:03:21,5.5,120.8833,82.49,78,97,12.57
393,Fort Nelson,CA,2021-03-28 23:03:22,58.8053,-122.7002,12.2,85,90,16.11
394,Acarau,BR,2021-03-28 23:03:22,-2.8856,-40.12,77.63,82,10,5.95
395,Ballina,AU,2021-03-28 23:03:22,-28.8667,153.5667,72.0,78,3,9.22
396,Cherskiy,RU,2021-03-28 23:03:22,68.75,161.3,-1.98,85,99,3.2
397,Vila Velha,BR,2021-03-28 23:00:26,-20.3297,-40.2925,77.0,83,0,3.44
398,Iwanai,JP,2021-03-28 23:03:23,42.9744,140.5089,48.49,95,93,6.78
399,Mendoza,AR,2021-03-28 22:59:18,-32.8908,-68.8272,75.2,27,0,6.91
400,Shieli,KZ,2021-03-28 23:03:23,44.1667,66.75,41.31,64,100,6.53
401,Blagoyevo,RU,2021-03-28 23:03:24,63.3667,47.9167,29.3,91,100,7.31
402,Dunedin,NZ,2021-03-28 22:59:32,-45.8742,170.5036,57.99,94,33,1.99
403,Conakry,GN,2021-03-28 23:03:24,9.538,-13.6773,78.98,76,25,5.73
404,Cabo San Lucas,MX,2021-03-28 22:59:02,22.8909,-109.9124,77.0,27,40,11.5
405,Tocopilla,CL,2021-03-28 23:00:37,-22.092,-70.1979,68.41,72,15,5.82
406,Arenillas,ES,2021-03-28 23:03:25,41.3471,-2.8462,48.0,70,2,3.62
407,Buta,CD,2021-03-28 23:03:25,2.7858,24.73,73.18,64,54,2.51
408,Tokur,RU,2021-03-28 23:03:25,53.1333,132.9,23.04,87,100,3.33
409,Noumea,NC,2021-03-28 23:00:04,-22.2763,166.4572,84.0,61,0,6.91
410,Vestmannaeyjar,IS,2021-03-28 23:03:25,63.4427,-20.2734,35.64,60,69,12.15
411,Adrar,MR,2021-03-28 23:03:26,20.5022,-10.0711,80.51,8,82,9.37
412,Korla,CN,2021-03-28 23:03:26,41.7597,86.1469,55.65,41,100,7.25
413,Yarmouth,US,2021-03-28 23:03:26,41.7057,-70.2286,54.0,94,90,17.27
414,Grafton,US,2021-03-28 23:03:27,42.207,-71.6856,57.0,94,90,12.66
415,Iracoubo,GF,2021-03-28 23:01:12,5.4802,-53.2011,77.74,83,96,14.23
416,Macon,US,2021-03-28 23:03:27,39.8667,-88.9668,48.2,43,1,16.11
417,Nelson Bay,AU,2021-03-28 23:03:27,-32.7167,152.15,69.8,83,40,5.75
418,Mayo,US,2021-03-28 23:03:28,38.8876,-76.5119,61.0,88,90,11.5
419,Kermanshah,IR,2021-03-28 23:01:10,34.3142,47.065,35.6,51,0,2.19
420,Riberalta,BO,2021-03-28 23:03:28,-10.9833,-66.1,78.8,89,75,11.5
421,Pisco,PE,2021-03-28 23:03:28,-13.7,-76.2167,71.01,73,0,20.71
422,Zhangye,CN,2021-03-28 23:03:29,38.9342,100.4517,45.01,41,5,6.49
423,Anadyr,RU,2021-03-28 23:03:29,64.75,177.4833,12.2,79,40,29.08
424,Hauterive,FR,2021-03-28 23:03:29,46.0901,3.4459,44.6,61,0,1.14
425,Etchoropo,MX,2021-03-28 23:03:29,26.7667,-109.6667,79.23,29,0,15.7
426,Weligama,LK,2021-03-28 23:03:30,5.9667,80.4167,74.52,86,81,5.91
427,Karoi,ZW,2021-03-28 23:03:30,-16.8099,29.6925,61.63,91,70,6.73
428,Saint-Denis,FR,2021-03-28 23:03:30,48.9167,2.3333,54.0,62,0,1.14
429,Nuoro,IT,2021-03-28 23:03:31,40.3211,9.3297,55.4,94,0,2.3
430,Lewistown,US,2021-03-28 23:03:31,40.5992,-77.5714,53.6,76,20,16.11
431,Shimoda,JP,2021-03-28 23:03:32,34.6667,138.95,64.0,94,62,8.86
432,Port Elizabeth,ZA,2021-03-28 23:03:32,-33.918,25.5701,62.6,82,40,10.36
433,Fengzhen,CN,2021-03-28 23:03:32,40.4394,113.1536,34.63,27,100,2.3
434,Hambantota,LK,2021-03-28 23:03:32,6.1241,81.1185,73.4,100,90,3.44
435,Svetlyy,RU,2021-03-28 22:59:03,54.675,20.1347,41.0,70,0,6.71
436,Derzhavinsk,KZ,2021-03-28 23:03:33,51.1,66.3167,13.23,95,13,9.33
437,Los Llanos De Aridane,ES,2021-03-28 23:03:33,28.6585,-17.9182,64.4,77,40,3.44
438,Dubbo,AU,2021-03-28 23:03:33,-32.25,148.6167,62.6,67,28,9.22
439,Khotynets,RU,2021-03-28 23:03:34,53.1286,35.3966,29.37,97,100,6.58
440,Healdsburg,US,2021-03-28 23:03:34,38.6105,-122.8692,78.01,35,1,9.22
441,Nagai,JP,2021-03-28 23:03:34,38.1036,140.035,60.01,100,75,2.3
442,Aguilas,ES,2021-03-28 23:03:35,37.4063,-1.5829,59.0,81,100,9.64
443,Northam,GB,2021-03-28 23:03:35,51.0333,-4.2167,50.0,92,63,18.01
444,Port Macquarie,AU,2021-03-28 23:03:35,-31.4333,152.9167,73.99,74,14,1.01
445,Khelyulya,RU,2021-03-28 23:03:35,61.7333,30.6833,32.25,99,100,3.49
446,Bambanglipuro,ID,2021-03-28 23:03:10,-7.95,110.2833,77.07,89,79,2.51
447,Campbell River,CA,2021-03-28 23:03:36,50.0163,-125.2446,48.99,57,75,14.97
448,Mount Isa,AU,2021-03-28 23:03:36,-20.7333,139.5,77.0,29,2,17.27
449,Santa Clara,CU,2021-03-28 23:03:36,22.4,-79.9667,80.6,69,20,16.11
450,Morant Bay,JM,2021-03-28 23:03:37,17.8815,-76.4093,84.2,54,20,24.16
451,Tignere,CM,2021-03-28 23:03:37,7.3667,12.65,71.35,24,41,2.24
452,Kazerun,IR,2021-03-28 23:03:37,29.6195,51.6541,60.94,21,7,3.44
453,Yulara,AU,2021-03-28 23:03:37,-25.2406,130.9889,71.6,56,0,8.05
454,Valleyview,CA,2021-03-28 23:03:38,55.0667,-117.2859,37.4,56,100,13.8
455,Yar-Sale,RU,2021-03-28 23:03:38,66.8333,70.8333,-16.67,99,13,7.85
456,Half Moon Bay,US,2021-03-28 23:03:38,37.4636,-122.4286,73.4,87,1,12.66
457,Itacoatiara,BR,2021-03-28 23:03:38,-3.1431,-58.4442,76.37,91,25,2.93
458,Tshane,BW,2021-03-28 23:03:39,-24.0196,21.8684,70.2,29,5,6.93
459,Cap Malheureux,MU,2021-03-28 23:03:39,-19.9842,57.6142,77.0,80,3,1.99
460,Rio Gallegos,AR,2021-03-28 23:03:39,-51.6226,-69.2181,53.6,50,0,3.44
461,Rio Tinto,PT,2021-03-28 23:02:30,41.1826,-8.5581,63.0,76,0,1.14
462,Anloga,GH,2021-03-28 23:03:40,5.7947,0.8973,82.4,74,20,3.44
463,Kathmandu,NP,2021-03-28 23:03:40,27.7167,85.3167,55.4,76,20,3.38
464,Virginia Beach,US,2021-03-28 23:00:50,36.8529,-75.978,75.0,62,100,11.01
465,Codrington,AU,2021-03-28 23:03:40,-38.2667,141.9667,60.66,64,97,7.11
466,Naze,JP,2021-03-28 23:01:32,28.3667,129.4833,66.2,94,75,3.44
467,Mongo,TD,2021-03-28 23:03:41,12.1844,18.693,81.93,14,5,13.85
468,Santa Maria,BR,2021-03-28 23:03:41,-29.6842,-53.8069,73.4,73,75,9.22
469,Belyy Yar,RU,2021-03-28 23:03:41,53.6039,91.3903,28.4,93,99,4.47
470,Sinnamary,GF,2021-03-28 23:01:12,5.3833,-52.95,77.86,83,98,13.89
471,Udachnyy,RU,2021-03-28 23:00:13,66.4167,112.4,9.32,98,100,4.5
472,Cabedelo,BR,2021-03-28 23:03:42,-6.9811,-34.8339,78.8,100,0,4.61
473,Namibe,AO,2021-03-28 23:03:42,-15.1961,12.1522,74.05,74,40,2.66
474,Ossora,RU,2021-03-28 23:03:42,59.2353,163.0719,13.35,69,38,3.98
475,Sidi Ali,DZ,2021-03-28 23:03:43,36.0998,0.4206,60.96,62,100,2.33
476,Muros,ES,2021-03-28 23:03:43,42.7762,-9.0603,57.0,76,0,7.49
477,Uyemskiy,RU,2021-03-28 23:03:43,64.4743,40.8524,39.2,65,40,4.47
478,Kruisfontein,ZA,2021-03-28 23:03:43,-34.0033,24.7314,63.0,75,92,5.01
479,Usinsk,RU,2021-03-28 23:03:44,65.9939,57.5281,20.84,96,99,7.47
480,Mildura,AU,2021-03-28 23:01:54,-34.2,142.15,61.0,67,0,6.91
481,Annonay,FR,2021-03-28 23:03:44,45.2397,4.6708,46.99,87,0,9.22
482,Urumqi,CN,2021-03-28 23:03:44,43.801,87.6005,48.2,81,90,6.71
483,Neuquen,AR,2021-03-28 23:00:25,-38.9516,-68.0591,77.0,31,0,9.33
484,Asyut,EG,2021-03-28 23:03:44,27.181,31.1837,55.4,58,0,12.66
485,Nynashamn,SE,2021-03-28 23:03:45,58.9034,17.9479,43.0,91,100,3.0
486,Cidreira,BR,2021-03-28 23:03:45,-30.1811,-50.2056,73.58,82,36,6.17
487,Guaruja,BR,2021-03-28 22:58:50,-23.9931,-46.2564,84.0,26,54,1.01
488,Changqing,CN,2021-03-28 23:03:45,36.5575,116.7272,60.01,23,100,11.54
489,Harnosand,SE,2021-03-28 23:03:46,62.6323,17.9379,35.01,100,90,1.14
490,Cururupu,BR,2021-03-28 23:03:46,-1.8283,-44.8683,74.23,97,48,2.82
491,Zhangjiakou,CN,2021-03-28 23:03:46,40.81,114.8794,37.13,25,93,4.41
492,Timmins,CA,2021-03-28 23:03:46,48.4669,-81.3331,30.2,80,90,19.57
493,Yaan,NG,2021-03-28 23:03:47,7.3833,8.5667,88.61,16,27,3.31
494,Buin,CL,2021-03-28 23:03:47,-33.7333,-70.75,77.0,46,0,9.22
495,Pforzheim,DE,2021-03-28 23:03:47,48.8833,8.7,51.01,67,99,3.58
496,Marsabit,KE,2021-03-28 23:03:48,2.3284,37.9899,70.65,48,100,7.18
497,Aksarka,RU,2021-03-28 23:03:48,66.5606,67.7975,-20.15,100,74,4.07
498,Wellsford,NZ,2021-03-28 23:03:48,-36.2833,174.5167,73.99,78,98,4.0
499,Fairbanks,US,2021-03-28 22:59:07,64.8378,-147.7164,19.0,48,1,3.44
500,Villarrica,PY,2021-03-28 23:03:49,-25.75,-56.4333,71.78,71,96,3.98
501,Umm Lajj,SA,2021-03-28 23:01:43,25.0213,37.2685,71.49,53,9,14.63
502,Kununurra,AU,2021-03-28 23:03:49,-15.7667,128.7333,78.8,89,100,3.44
503,Phan Thiet,VN,2021-03-28 23:03:49,10.9333,108.1,73.67,90,53,5.03
504,San Jose,US,2021-03-28 23:03:12,37.3394,-121.895,79.0,27,20,17.27
505,Caicedo,CO,2021-03-28 23:03:50,6.4051,-75.9826,71.6,73,75,6.91
506,Guerrero Negro,MX,2021-03-28 23:03:50,27.9769,-114.0611,80.2,24,16,13.24
507,Puerto Escondido,MX,2021-03-28 23:03:50,15.85,-97.0667,84.2,70,1,9.22
508,Terney,RU,2021-03-28 23:03:51,45.0503,136.6092,35.6,97,100,11.43
509,Zyryanskoye,RU,2021-03-28 23:03:51,56.8306,86.6258,28.83,94,100,2.57
510,Great Yarmouth,GB,2021-03-28 23:03:51,52.6083,1.7305,51.8,76,75,17.27
511,Kushiro,JP,2021-03-28 23:03:52,42.975,144.3747,41.0,100,90,3.44
512,Mashhad,IR,2021-03-28 23:02:33,36.297,59.6062,37.4,70,40,9.22
513,Guanica,PR,2021-03-28 23:03:52,17.9716,-66.908,79.0,70,10,5.01
514,Labuan,MY,2021-03-28 23:03:52,5.2767,115.2417,75.2,100,40,1.14
515,Ishigaki,JP,2021-03-28 23:00:06,24.3448,124.1572,75.2,100,75,3.44
516,Faanui,PF,2021-03-28 23:03:53,-16.4833,-151.75,82.4,73,50,20.83
517,Puri,IN,2021-03-28 23:03:53,19.8,85.85,78.8,94,40,5.75
518,Nesebar,BG,2021-03-28 23:03:53,42.7833,27.7333,55.4,47,0,10.36
519,Cobija,BO,2021-03-28 22:59:13,-11.0267,-68.7692,72.97,96,95,3.49
520,Sabya,SA,2021-03-28 23:03:54,17.1495,42.6254,80.6,74,0,5.73
521,Bull Savanna,JM,2021-03-28 23:03:54,17.8868,-77.5902,77.34,73,15,12.8
522,Henties Bay,NA,2021-03-28 23:03:54,-22.116,14.2845,61.0,90,0,7.87
523,Keningau,MY,2021-03-28 23:03:54,5.3378,116.1602,77.0,94,20,4.61
524,Tazovskiy,RU,2021-03-28 23:03:56,67.4667,78.7,-14.17,99,36,8.48
525,Yinchuan,CN,2021-03-28 23:03:56,38.4681,106.2731,43.68,27,2,7.27
526,Sibu,MY,2021-03-28 23:03:57,2.3,111.8167,75.2,100,40,1.14
527,Mbini,GQ,2021-03-28 23:03:57,1.574,9.6134,79.5,82,100,2.57
528,Kpalime,TG,2021-03-28 23:03:58,6.9,0.6333,76.95,77,12,2.51
529,Maniitsoq,GL,2021-03-28 23:03:58,65.4167,-52.9,1.83,63,23,8.1
530,Danilovka,RU,2021-03-28 23:03:59,50.3557,44.1168,32.07,85,100,10.71
531,Vaitape,PF,2021-03-28 23:03:59,-16.5167,-151.75,82.4,73,51,20.83
532,Jumla,NP,2021-03-28 23:03:03,29.2747,82.1838,44.58,62,68,3.74
533,Cabatuan,PH,2021-03-28 23:03:59,10.8794,122.486,78.46,83,100,8.52
534,Atambua,ID,2021-03-28 23:04:00,-9.1061,124.8925,73.26,91,100,4.38
535,Victor Harbor,AU,2021-03-28 23:04:00,-35.5667,138.6167,64.99,68,15,3.89
536,Starogard Gdanski,PL,2021-03-28 23:04:00,53.964,18.5264,45.0,100,100,11.21
537,Ciudad Bolivar,VE,2021-03-28 23:04:01,8.1222,-63.5497,87.13,47,75,12.68
538,Gainesville,US,2021-03-28 23:03:47,29.6516,-82.3248,80.01,61,1,10.36
539,Homa Bay,KE,2021-03-28 23:04:01,-0.5273,34.4571,66.4,84,94,5.53
540,Alcaniz,ES,2021-03-28 23:04:01,41.05,-0.1333,46.0,73,0,4.0
541,Ust-Kuyga,RU,2021-03-28 23:04:02,70.0167,135.6,6.53,96,100,4.47
542,Ruteng,ID,2021-03-28 23:04:02,-8.6136,120.4721,64.2,91,100,1.5
543,Sawakin,SD,2021-03-28 23:04:02,19.1059,37.3321,73.69,66,34,8.88
544,Meadow Lake,US,2021-03-28 23:02:21,34.8014,-106.5436,70.0,16,1,6.91
545,Baijiantan,CN,2021-03-28 23:04:03,45.6333,85.1833,49.37,70,100,13.27
546,Cam Ranh,VN,2021-03-28 23:04:03,11.9214,109.1591,73.4,88,0,2.3
547,Bowen,AU,2021-03-28 23:04:03,-20.0167,148.2333,77.0,78,41,9.22
548,Petropavlovsk-Kamchatskiy,RU,2021-03-28 23:04:03,53.0452,158.6483,26.6,39,79,6.71
549,Kashira,RU,2021-03-28 23:04:04,54.8444,38.1669,33.8,69,0,8.95
550,Bangui,CF,2021-03-28 23:04:04,4.3612,18.555,82.4,74,34,1.77
551,Taoudenni,ML,2021-03-28 23:04:05,22.6783,-3.9836,80.55,6,100,12.35
552,Tezu,IN,2021-03-28 23:04:05,27.9167,96.1667,68.54,23,1,4.36
553,Bom Sucesso,BR,2021-03-28 23:04:05,-21.0331,-44.7581,70.18,76,83,0.4
554,Orlik,RU,2021-03-28 23:04:06,52.5178,99.825,9.27,86,100,1.19
555,Quelimane,MZ,2021-03-28 23:04:06,-17.8786,36.8883,78.8,89,40,2.3
556,Vanimo,PG,2021-03-28 23:04:06,-2.6741,141.3028,80.8,77,100,4.27
557,Samoded,RU,2021-03-28 23:04:07,63.6083,40.5111,31.51,92,97,7.65
558,Pljevlja,ME,2021-03-28 23:04:07,43.3333,19.3333,39.2,60,75,1.14
559,Porto Novo,BJ,2021-03-28 23:04:07,6.4965,2.6036,82.4,83,20,9.22
560,Kaeo,NZ,2021-03-28 23:04:08,-35.1,173.7833,69.01,97,82,5.01
561,Varzea Da Palma,BR,2021-03-28 23:04:08,-17.5981,-44.7308,75.4,57,44,2.91
562,Nchelenge,ZM,2021-03-28 23:04:08,-9.3451,28.734,68.61,89,100,4.7
563,Kijang,KR,2021-03-28 23:04:09,35.2442,129.2139,55.4,76,20,4.61
564,Hovd,MN,2021-03-28 23:04:09,48.0056,91.6419,34.79,60,100,3.38
565,Mwense,ZM,2021-03-28 23:04:09,-10.3845,28.698,65.55,91,100,0.89
566,Hokitika,NZ,2021-03-28 23:04:10,-42.7167,170.9667,63.3,84,50,3.67
567,Aswan,EG,2021-03-28 23:04:10,24.0934,32.907,63.57,25,0,16.22
568,Kharan,PK,2021-03-28 23:04:11,28.5833,65.4167,77.11,13,82,8.01
569,Tokmak,UA,2021-03-28 23:03:21,47.2514,35.7058,44.91,69,83,6.06
570,Sola,VU,2021-03-28 23:04:11,-13.8833,167.55,84.2,84,75,5.75
